{"duration": 14.628830194473267, "input_args": {"freq_list": "[0.06, 0.12, 0.25, 0.5, 1.0, 2.0, 5.0, 6.0, 8.0, 10.0, 12.0, 15.0, 18.0, 23.0, 28.0, 36.0, 44.0, 55.0, 68.0, 86.0, 105.0, 133.0, 266.0]"}, "time": 1773067023.2070322}